true\pred,101,102,103,104,105,106,107,108,109,110,201,202,203,204,205,206,207,208,209,210,COR-1,COR-2
101,128,17,0,0,0,0,0,0,0,0,0,0,0,0,0,0,0,0,0,0,5,0
102,39,103,4,0,0,0,0,0,0,0,0,0,0,0,0,0,0,0,0,0,4,0
103,1,10,119,11,0,0,1,0,0,0,0,0,0,0,0,0,0,0,0,0,8,0
104,0,0,16,124,7,0,1,0,0,0,0,0,0,0,0,0,0,0,0,0,2,0
105,0,0,0,8,116,22,0,0,0,0,0,0,0,0,0,0,0,0,0,0,4,0
106,1,0,0,0,17,118,8,0,0,0,0,0,0,0,0,0,0,0,0,0,6,0
107,0,0,0,0,0,6,122,18,0,0,0,0,0,0,0,0,0,0,0,0,4,0
108,0,0,0,0,0,0,17,118,9,0,0,0,0,0,0,0,0,0,0,0,6,0
109,0,0,0,0,0,0,0,4,102,41,0,0,0,0,0,0,0,0,0,0,3,0
110,3,0,0,0,0,0,0,0,28,118,0,0,0,0,0,0,0,0,0,0,1,0
201,1,0,0,0,0,0,0,0,0,0,115,29,0,0,0,0,0,0,0,0,0,5
202,0,0,0,0,0,0,0,0,0,0,29,110,5,0,1,0,0,0,0,0,0,5
203,0,0,0,0,0,0,0,0,0,0,0,10,125,10,0,0,0,0,0,0,0,5
204,0,0,0,0,0,0,0,0,0,0,0,0,22,118,5,0,1,0,0,0,0,4
205,0,0,0,0,0,0,0,0,0,0,0,1,0,8,120,18,0,0,0,0,0,3
206,0,0,0,0,0,0,0,0,0,0,0,0,0,0,18,116,7,0,0,0,0,9
207,0,0,0,0,0,0,0,0,0,0,0,0,0,1,0,2,128,16,0,0,0,3
208,0,0,0,0,0,0,0,0,0,0,0,0,0,0,0,0,20,118,6,0,0,6
209,0,0,0,0,0,0,0,0,0,0,0,0,0,0,0,0,0,6,103,39,0,2
210,2,0,0,0,0,0,0,0,0,0,0,0,0,0,0,0,0,0,22,118,0,8
COR-1,7,5,4,4,5,5,11,9,6,7,0,0,0,0,0,0,0,0,0,0,87,0
COR-2,0,0,0,0,0,0,0,0,0,0,14,6,14,9,1,6,1,6,5,11,0,77
